first_name,last_name,blr
Varsha,Palat,blr
Pritvi,Nambiar,blr
Prabhu,yes,tn
Madhan,yes,90
Shukla,yes,qwe
Sanjesh,yes,qwe
eight,yes,yes
nine,yesy,yes
ten,yes,yes
first_name,last_name,blr
Varsha,Palat,blr
Pritvi,Nambiar,blr
Prabhu,yes,tn
Madhan,yes,90
Shukla,yes,qwe
Sanjesh,yes,qwe
eight,yes,yes
nine,yesy,yes
ten,yes,yes
first_name,last_name,blr
Varsha,Palat,blr
Pritvi,Nambiar,blr
Prabhu,yes,tn
Madhan,yes,90
Shukla,yes,qwe
Sanjesh,yes,qwe
eight,yes,yes
nine,yesy,yes
ten,yes,yes
first_name,last_name,blr
Varsha,Palat,blr
Pritvi,Nambiar,blr
Prabhu,yes,tn
Madhan,yes,90
Shukla,yes,qwe
Sanjesh,yes,qwe
eight,yes,yes
nine,yesy,yes
ten,yes,yes
first_name,last_name,blr
Varsha,Palat,blr
Pritvi,Nambiar,blr
Prabhu,yes,tn
Madhan,yes,90
Shukla,yes,qwe
Sanjesh,yes,qwe
eight,yes,yes
nine,yesy,yes
ten,yes,yes
first_name,last_name,blr
Varsha,Palat,blr
Pritvi,Nambiar,blr
Prabhu,yes,tn
Madhan,yes,90
Shukla,yes,qwe
Sanjesh,yes,qwe
eight,yes,yes
nine,yesy,yes
ten,yes,yes
first_name,last_name,blr
Varsha,Palat,blr
Pritvi,Nambiar,blr
Prabhu,yes,tn
Madhan,yes,90
Shukla,yes,qwe
Sanjesh,yes,qwe
eight,yes,yes
nine,yesy,yes
ten,yes,yes
first_name,last_name,blr
Varsha,Palat,blr
Pritvi,Nambiar,blr
Prabhu,yes,tn
Madhan,yes,90
Shukla,yes,qwe
Sanjesh,yes,qwe
eight,yes,yes
nine,yesy,yes
ten,yes,yes
first_name,last_name,blr
Varsha,Palat,blr
Pritvi,Nambiar,blr
Prabhu,yes,tn
Madhan,yes,90
Shukla,yes,qwe
Sanjesh,yes,qwe
eight,yes,yes
nine,yesy,yes
ten,yes,yes
first_name,last_name,blr
Varsha,Palat,blr
Pritvi,Nambiar,blr
Prabhu,yes,tn
Madhan,yes,90
Shukla,yes,qwe
Sanjesh,yes,qwe
eight,yes,yes
nine,yesy,yes
ten,yes,yes
first_name,last_name,blr
Varsha,Palat,blr
Pritvi,Nambiar,blr
Prabhu,yes,tn
Madhan,yes,90
Shukla,yes,qwe
Sanjesh,yes,qwe
eight,yes,yes
nine,yesy,yes
ten,yes,yes
first_name,last_name,blr
Varsha,Palat,blr
Pritvi,Nambiar,blr
Prabhu,yes,tn
Madhan,yes,90
Shukla,yes,qwe
Sanjesh,yes,qwe
eight,yes,yes
nine,yesy,yes
ten,yes,yes
first_name,last_name,blr
Varsha,Palat,blr
Pritvi,Nambiar,blr
Prabhu,yes,tn
Madhan,yes,90
Shukla,yes,qwe
Sanjesh,yes,qwe
eight,yes,yes
nine,yesy,yes
ten,yes,yes
first_name,last_name,blr
Varsha,Palat,blr
Pritvi,Nambiar,blr
Prabhu,yes,tn
Madhan,yes,90
Shukla,yes,qwe
Sanjesh,yes,qwe
eight,yes,yes
nine,yesy,yes
ten,yes,yes
first_name,last_name,blr
Varsha,Palat,blr
Pritvi,Nambiar,blr
Prabhu,yes,tn
Madhan,yes,90
Shukla,yes,qwe
Sanjesh,yes,qwe
eight,yes,yes
nine,yesy,yes
ten,yes,yes
first_name,last_name,blr
Varsha,Palat,blr
Pritvi,Nambiar,blr
Prabhu,yes,tn
Madhan,yes,90
Shukla,yes,qwe
Sanjesh,yes,qwe
eight,yes,yes
nine,yesy,yes
ten,yes,yes
first_name,last_name,blr
Varsha,Palat,blr
Pritvi,Nambiar,blr
Prabhu,yes,tn
Madhan,yes,90
Shukla,yes,qwe
Sanjesh,yes,qwe
eight,yes,yes
nine,yesy,yes
ten,yes,yes
first_name,last_name,blr
Varsha,Palat,blr
Pritvi,Nambiar,blr
Prabhu,yes,tn
Madhan,yes,90
Shukla,yes,qwe
Sanjesh,yes,qwe
eight,yes,yes
nine,yesy,yes
ten,yes,yes
first_name,last_name,blr
Varsha,Palat,blr
Pritvi,Nambiar,blr
Prabhu,yes,tn
Madhan,yes,90
Shukla,yes,qwe
Sanjesh,yes,qwe
eight,yes,yes
nine,yesy,yes
ten,yes,yes
first_name,last_name,blr
Varsha,Palat,blr
Pritvi,Nambiar,blr
Prabhu,yes,tn
Madhan,yes,90
Shukla,yes,qwe
Sanjesh,yes,qwe
eight,yes,yes
nine,yesy,yes
ten,yes,yes
first_name,last_name,blr
Varsha,Palat,blr
Pritvi,Nambiar,blr
Prabhu,yes,tn
Madhan,yes,90
Shukla,yes,qwe
Sanjesh,yes,qwe
eight,yes,yes
nine,yesy,yes
ten,yes,yes
first_name,last_name,blr
Varsha,Palat,blr
Pritvi,Nambiar,blr
Prabhu,yes,tn
Madhan,yes,90
Shukla,yes,qwe
Sanjesh,yes,qwe
eight,yes,yes
nine,yesy,yes
ten,yes,yes
first_name,last_name,blr
Varsha,Palat,blr
Pritvi,Nambiar,blr
Prabhu,yes,tn
Madhan,yes,90
Shukla,yes,qwe
Sanjesh,yes,qwe
eight,yes,yes
nine,yesy,yes
ten,yes,yes
first_name,last_name,blr
Varsha,Palat,blr
Pritvi,Nambiar,blr
Prabhu,yes,tn
Madhan,yes,90
Shukla,yes,qwe
Sanjesh,yes,qwe
eight,yes,yes
nine,yesy,yes
ten,yes,yes
first_name,last_name,blr
Varsha,Palat,blr
Pritvi,Nambiar,blr
Prabhu,yes,tn
Madhan,yes,90
Shukla,yes,qwe
Sanjesh,yes,qwe
eight,yes,yes
nine,yesy,yes
ten,yes,yes
first_name,last_name,blr
Varsha,Palat,blr
Pritvi,Nambiar,blr
Prabhu,yes,tn
Madhan,yes,90
Shukla,yes,qwe
Sanjesh,yes,qwe
eight,yes,yes
nine,yesy,yes
ten,yes,yes
first_name,last_name,blr
Varsha,Palat,blr
Pritvi,Nambiar,blr
Prabhu,yes,tn
Madhan,yes,90
Shukla,yes,qwe
Sanjesh,yes,qwe
eight,yes,yes
nine,yesy,yes
ten,yes,yes
first_name,last_name,blr
Varsha,Palat,blr
Pritvi,Nambiar,blr
Prabhu,yes,tn
Madhan,yes,90
Shukla,yes,qwe
Sanjesh,yes,qwe
eight,yes,yes
nine,yesy,yes
ten,yes,yes
first_name,last_name,blr
Varsha,Palat,blr
Pritvi,Nambiar,blr
Prabhu,yes,tn
Madhan,yes,90
Shukla,yes,qwe
Sanjesh,yes,qwe
eight,yes,yes
nine,yesy,yes
ten,yes,yes
first_name,last_name,blr
Varsha,Palat,blr
Pritvi,Nambiar,blr
Prabhu,yes,tn
Madhan,yes,90
Shukla,yes,qwe
Sanjesh,yes,qwe
eight,yes,yes
nine,yesy,yes
ten,yes,yes
first_name,last_name,blr
Varsha,Palat,blr
Pritvi,Nambiar,blr
Prabhu,yes,tn
Madhan,yes,90
Shukla,yes,qwe
Sanjesh,yes,qwe
eight,yes,yes
nine,yesy,yes
ten,yes,yes
first_name,last_name,blr
Varsha,Palat,blr
Pritvi,Nambiar,blr
Prabhu,yes,tn
Madhan,yes,90
Shukla,yes,qwe
Sanjesh,yes,qwe
eight,yes,yes
nine,yesy,yes
ten,yes,yes
first_name,last_name,blr
Varsha,Palat,blr
Pritvi,Nambiar,blr
Prabhu,yes,tn
Madhan,yes,90
Shukla,yes,qwe
Sanjesh,yes,qwe
eight,yes,yes
nine,yesy,yes
ten,yes,yes
first_name,last_name,blr
Varsha,Palat,blr
Pritvi,Nambiar,blr
Prabhu,yes,tn
Madhan,yes,90
Shukla,yes,qwe
Sanjesh,yes,qwe
eight,yes,yes
nine,yesy,yes
ten,yes,yes
first_name,last_name,blr
Varsha,Palat,blr
Pritvi,Nambiar,blr
Prabhu,yes,tn
Madhan,yes,90
Shukla,yes,qwe
Sanjesh,yes,qwe
eight,yes,yes
nine,yesy,yes
ten,yes,yes
first_name,last_name,blr
Varsha,Palat,blr
Pritvi,Nambiar,blr
Prabhu,yes,tn
Madhan,yes,90
Shukla,yes,qwe
Sanjesh,yes,qwe
eight,yes,yes
nine,yesy,yes
ten,yes,yes
first_name,last_name,blr
Varsha,Palat,blr
Pritvi,Nambiar,blr
Prabhu,yes,tn
Madhan,yes,90
Shukla,yes,qwe
Sanjesh,yes,qwe
eight,yes,yes
nine,yesy,yes
ten,yes,yes
first_name,last_name,blr
Varsha,Palat,blr
Pritvi,Nambiar,blr
Prabhu,yes,tn
Madhan,yes,90
Shukla,yes,qwe
Sanjesh,yes,qwe
eight,yes,yes
nine,yesy,yes
ten,yes,yes
first_name,last_name,blr
Varsha,Palat,blr
Pritvi,Nambiar,blr
Prabhu,yes,tn
Madhan,yes,90
Shukla,yes,qwe
Sanjesh,yes,qwe
eight,yes,yes
nine,yesy,yes
ten,yes,yes
first_name,last_name,blr
Varsha,Palat,blr
Pritvi,Nambiar,blr
Prabhu,yes,tn
Madhan,yes,90
Shukla,yes,qwe
Sanjesh,yes,qwe
eight,yes,yes
nine,yesy,yes
ten,yes,yes
first_name,last_name,blr
Varsha,Palat,blr
Pritvi,Nambiar,blr
Prabhu,yes,tn
Madhan,yes,90
Shukla,yes,qwe
Sanjesh,yes,qwe
eight,yes,yes
nine,yesy,yes
ten,yes,yes
first_name,last_name,blr
Varsha,Palat,blr
Pritvi,Nambiar,blr
Prabhu,yes,tn
Madhan,yes,90
Shukla,yes,qwe
Sanjesh,yes,qwe
eight,yes,yes
nine,yesy,yes
ten,yes,yes
first_name,last_name,blr
Varsha,Palat,blr
Pritvi,Nambiar,blr
Prabhu,yes,tn
Madhan,yes,90
Shukla,yes,qwe
Sanjesh,yes,qwe
eight,yes,yes
nine,yesy,yes
ten,yes,yes
first_name,last_name,blr
Varsha,Palat,blr
Pritvi,Nambiar,blr
Prabhu,yes,tn
Madhan,yes,90
Shukla,yes,qwe
Sanjesh,yes,qwe
eight,yes,yes
nine,yesy,yes
ten,yes,yes
first_name,last_name,blr
Varsha,Palat,blr
Pritvi,Nambiar,blr
Prabhu,yes,tn
Madhan,yes,90
Shukla,yes,qwe
Sanjesh,yes,qwe
eight,yes,yes
nine,yesy,yes
ten,yes,yes
first_name,last_name,blr
Varsha,Palat,blr
Pritvi,Nambiar,blr
Prabhu,yes,tn
Madhan,yes,90
Shukla,yes,qwe
Sanjesh,yes,qwe
eight,yes,yes
nine,yesy,yes
ten,yes,yes
first_name,last_name,blr
Varsha,Palat,blr
Pritvi,Nambiar,blr
Prabhu,yes,tn
Madhan,yes,90
Shukla,yes,qwe
Sanjesh,yes,qwe
eight,yes,yes
nine,yesy,yes
ten,yes,yes
first_name,last_name,blr
Varsha,Palat,blr
Pritvi,Nambiar,blr
Prabhu,yes,tn
Madhan,yes,90
Shukla,yes,qwe
Sanjesh,yes,qwe
eight,yes,yes
nine,yesy,yes
ten,yes,yes
first_name,last_name,blr
Varsha,Palat,blr
Pritvi,Nambiar,blr
Prabhu,yes,tn
Madhan,yes,90
Shukla,yes,qwe
Sanjesh,yes,qwe
eight,yes,yes
nine,yesy,yes
ten,yes,yes
first_name,last_name,blr
Varsha,Palat,blr
Pritvi,Nambiar,blr
Prabhu,yes,tn
Madhan,yes,90
Shukla,yes,qwe
Sanjesh,yes,qwe
eight,yes,yes
nine,yesy,yes
ten,yes,yes
first_name,last_name,blr
Varsha,Palat,blr
Pritvi,Nambiar,blr
Prabhu,yes,tn
Madhan,yes,90
Shukla,yes,qwe
Sanjesh,yes,qwe
eight,yes,yes
nine,yesy,yes
ten,yes,yes
first_name,last_name,blr
Varsha,Palat,blr
Pritvi,Nambiar,blr
Prabhu,yes,tn
Madhan,yes,90
Shukla,yes,qwe
Sanjesh,yes,qwe
eight,yes,yes
nine,yesy,yes
ten,yes,yes
first_name,last_name,blr
Varsha,Palat,blr
Pritvi,Nambiar,blr
Prabhu,yes,tn
Madhan,yes,90
Shukla,yes,qwe
Sanjesh,yes,qwe
eight,yes,yes
nine,yesy,yes
ten,yes,yes
first_name,last_name,blr
Varsha,Palat,blr
Pritvi,Nambiar,blr
Prabhu,yes,tn
Madhan,yes,90
Shukla,yes,qwe
Sanjesh,yes,qwe
eight,yes,yes
nine,yesy,yes
ten,yes,yes
first_name,last_name,blr
Varsha,Palat,blr
Pritvi,Nambiar,blr
Prabhu,yes,tn
Madhan,yes,90
Shukla,yes,qwe
Sanjesh,yes,qwe
eight,yes,yes
nine,yesy,yes
ten,yes,yes
first_name,last_name,blr
Varsha,Palat,blr
Pritvi,Nambiar,blr
Prabhu,yes,tn
Madhan,yes,90
Shukla,yes,qwe
Sanjesh,yes,qwe
eight,yes,yes
nine,yesy,yes
ten,yes,yes
first_name,last_name,blr
Varsha,Palat,blr
Pritvi,Nambiar,blr
Prabhu,yes,tn
Madhan,yes,90
Shukla,yes,qwe
Sanjesh,yes,qwe
eight,yes,yes
nine,yesy,yes
ten,yes,yes
first_name,last_name,blr
Varsha,Palat,blr
Pritvi,Nambiar,blr
Prabhu,yes,tn
Madhan,yes,90
Shukla,yes,qwe
Sanjesh,yes,qwe
eight,yes,yes
nine,yesy,yes
ten,yes,yes
first_name,last_name,blr
Varsha,Palat,blr
Pritvi,Nambiar,blr
Prabhu,yes,tn
Madhan,yes,90
Shukla,yes,qwe
Sanjesh,yes,qwe
eight,yes,yes
nine,yesy,yes
ten,yes,yes
first_name,last_name,blr
Varsha,Palat,blr
Pritvi,Nambiar,blr
Prabhu,yes,tn
Madhan,yes,90
Shukla,yes,qwe
Sanjesh,yes,qwe
eight,yes,yes
nine,yesy,yes
ten,yes,yes
first_name,last_name,blr
Varsha,Palat,blr
Pritvi,Nambiar,blr
Prabhu,yes,tn
Madhan,yes,90
Shukla,yes,qwe
Sanjesh,yes,qwe
eight,yes,yes
nine,yesy,yes
ten,yes,yes
first_name,last_name,blr
Varsha,Palat,blr
Pritvi,Nambiar,blr
Prabhu,yes,tn
Madhan,yes,90
Shukla,yes,qwe
Sanjesh,yes,qwe
eight,yes,yes
nine,yesy,yes
ten,yes,yes
first_name,last_name,blr
Varsha,Palat,blr
Pritvi,Nambiar,blr
Prabhu,yes,tn
Madhan,yes,90
Shukla,yes,qwe
Sanjesh,yes,qwe
eight,yes,yes
nine,yesy,yes
ten,yes,yes
first_name,last_name,blr
Varsha,Palat,blr
Pritvi,Nambiar,blr
Prabhu,yes,tn
Madhan,yes,90
Shukla,yes,qwe
Sanjesh,yes,qwe
eight,yes,yes
nine,yesy,yes
ten,yes,yes
first_name,last_name,blr
Varsha,Palat,blr
Pritvi,Nambiar,blr
Prabhu,yes,tn
Madhan,yes,90
Shukla,yes,qwe
Sanjesh,yes,qwe
eight,yes,yes
nine,yesy,yes
ten,yes,yes
first_name,last_name,blr
Varsha,Palat,blr
Pritvi,Nambiar,blr
Prabhu,yes,tn
Madhan,yes,90
Shukla,yes,qwe
Sanjesh,yes,qwe
eight,yes,yes
nine,yesy,yes
ten,yes,yes
first_name,last_name,blr
Varsha,Palat,blr
Pritvi,Nambiar,blr
Prabhu,yes,tn
Madhan,yes,90
Shukla,yes,qwe
Sanjesh,yes,qwe
eight,yes,yes
nine,yesy,yes
ten,yes,yes
first_name,last_name,blr
Varsha,Palat,blr
Pritvi,Nambiar,blr
Prabhu,yes,tn
Madhan,yes,90
Shukla,yes,qwe
Sanjesh,yes,qwe
eight,yes,yes
nine,yesy,yes
ten,yes,yes
first_name,last_name,blr
Varsha,Palat,blr
Pritvi,Nambiar,blr
Prabhu,yes,tn
Madhan,yes,90
Shukla,yes,qwe
Sanjesh,yes,qwe
eight,yes,yes
nine,yesy,yes
ten,yes,yes
first_name,last_name,blr
Varsha,Palat,blr
Pritvi,Nambiar,blr
Prabhu,yes,tn
Madhan,yes,90
Shukla,yes,qwe
Sanjesh,yes,qwe
eight,yes,yes
nine,yesy,yes
ten,yes,yes
first_name,last_name,blr
Varsha,Palat,blr
Pritvi,Nambiar,blr
Prabhu,yes,tn
Madhan,yes,90
Shukla,yes,qwe
Sanjesh,yes,qwe
eight,yes,yes
nine,yesy,yes
ten,yes,yes
first_name,last_name,blr
Varsha,Palat,blr
Pritvi,Nambiar,blr
Prabhu,yes,tn
Madhan,yes,90
Shukla,yes,qwe
Sanjesh,yes,qwe
eight,yes,yes
nine,yesy,yes
ten,yes,yes
first_name,last_name,blr
Varsha,Palat,blr
Pritvi,Nambiar,blr
Prabhu,yes,tn
Madhan,yes,90
Shukla,yes,qwe
Sanjesh,yes,qwe
eight,yes,yes
nine,yesy,yes
ten,yes,yes
first_name,last_name,blr
Varsha,Palat,blr
Pritvi,Nambiar,blr
Prabhu,yes,tn
Madhan,yes,90
Shukla,yes,qwe
Sanjesh,yes,qwe
eight,yes,yes
nine,yesy,yes
ten,yes,yes
first_name,last_name,blr
Varsha,Palat,blr
Pritvi,Nambiar,blr
Prabhu,yes,tn
Madhan,yes,90
Shukla,yes,qwe
Sanjesh,yes,qwe
eight,yes,yes
nine,yesy,yes
ten,yes,yes
first_name,last_name,blr
Varsha,Palat,blr
Pritvi,Nambiar,blr
Prabhu,yes,tn
Madhan,yes,90
Shukla,yes,qwe
Sanjesh,yes,qwe
eight,yes,yes
nine,yesy,yes
ten,yes,yes
first_name,last_name,blr
Varsha,Palat,blr
Pritvi,Nambiar,blr
Prabhu,yes,tn
Madhan,yes,90
Shukla,yes,qwe
Sanjesh,yes,qwe
eight,yes,yes
nine,yesy,yes
ten,yes,yes
first_name,last_name,blr
Varsha,Palat,blr
Pritvi,Nambiar,blr
Prabhu,yes,tn
Madhan,yes,90
Shukla,yes,qwe
Sanjesh,yes,qwe
eight,yes,yes
nine,yesy,yes
ten,yes,yes
first_name,last_name,blr
Varsha,Palat,blr
Pritvi,Nambiar,blr
Prabhu,yes,tn
Madhan,yes,90
Shukla,yes,qwe
Sanjesh,yes,qwe
eight,yes,yes
nine,yesy,yes
ten,yes,yes
first_name,last_name,blr
Varsha,Palat,blr
Pritvi,Nambiar,blr
Prabhu,yes,tn
Madhan,yes,90
Shukla,yes,qwe
Sanjesh,yes,qwe
eight,yes,yes
nine,yesy,yes
ten,yes,yes
first_name,last_name,blr
Varsha,Palat,blr
Pritvi,Nambiar,blr
Prabhu,yes,tn
Madhan,yes,90
Shukla,yes,qwe
Sanjesh,yes,qwe
eight,yes,yes
nine,yesy,yes
ten,yes,yes
first_name,last_name,blr
Varsha,Palat,blr
Pritvi,Nambiar,blr
Prabhu,yes,tn
Madhan,yes,90
Shukla,yes,qwe
Sanjesh,yes,qwe
eight,yes,yes
nine,yesy,yes
ten,yes,yes
first_name,last_name,blr
Varsha,Palat,blr
Pritvi,Nambiar,blr
Prabhu,yes,tn
Madhan,yes,90
Shukla,yes,qwe
Sanjesh,yes,qwe
eight,yes,yes
nine,yesy,yes
ten,yes,yes
first_name,last_name,blr
Varsha,Palat,blr
Pritvi,Nambiar,blr
Prabhu,yes,tn
Madhan,yes,90
Shukla,yes,qwe
Sanjesh,yes,qwe
eight,yes,yes
nine,yesy,yes
ten,yes,yes
first_name,last_name,blr
Varsha,Palat,blr
Pritvi,Nambiar,blr
Prabhu,yes,tn
Madhan,yes,90
Shukla,yes,qwe
Sanjesh,yes,qwe
eight,yes,yes
nine,yesy,yes
ten,yes,yes
first_name,last_name,blr
Varsha,Palat,blr
Pritvi,Nambiar,blr
Prabhu,yes,tn
Madhan,yes,90
Shukla,yes,qwe
Sanjesh,yes,qwe
eight,yes,yes
nine,yesy,yes
ten,yes,yes
first_name,last_name,blr
Varsha,Palat,blr
Pritvi,Nambiar,blr
Prabhu,yes,tn
Madhan,yes,90
Shukla,yes,qwe
Sanjesh,yes,qwe
eight,yes,yes
nine,yesy,yes
ten,yes,yes
first_name,last_name,blr
Varsha,Palat,blr
Pritvi,Nambiar,blr
Prabhu,yes,tn
Madhan,yes,90
Shukla,yes,qwe
Sanjesh,yes,qwe
eight,yes,yes
nine,yesy,yes
ten,yes,yes
first_name,last_name,blr
Varsha,Palat,blr
Pritvi,Nambiar,blr
Prabhu,yes,tn
Madhan,yes,90
Shukla,yes,qwe
Sanjesh,yes,qwe
eight,yes,yes
nine,yesy,yes
ten,yes,yes
first_name,last_name,blr
Varsha,Palat,blr
Pritvi,Nambiar,blr
Prabhu,yes,tn
Madhan,yes,90
Shukla,yes,qwe
Sanjesh,yes,qwe
eight,yes,yes
nine,yesy,yes
ten,yes,yes
first_name,last_name,blr
Varsha,Palat,blr
Pritvi,Nambiar,blr
Prabhu,yes,tn
Madhan,yes,90
Shukla,yes,qwe
Sanjesh,yes,qwe
eight,yes,yes
nine,yesy,yes
ten,yes,yes
first_name,last_name,blr
Varsha,Palat,blr
Pritvi,Nambiar,blr
Prabhu,yes,tn
Madhan,yes,90
Shukla,yes,qwe
Sanjesh,yes,qwe
eight,yes,yes
nine,yesy,yes
ten,yes,yes
first_name,last_name,blr
Varsha,Palat,blr
Pritvi,Nambiar,blr
Prabhu,yes,tn
Madhan,yes,90
Shukla,yes,qwe
Sanjesh,yes,qwe
eight,yes,yes
nine,yesy,yes
ten,yes,yes
first_name,last_name,blr
Varsha,Palat,blr
Pritvi,Nambiar,blr
Prabhu,yes,tn
Madhan,yes,90
Shukla,yes,qwe
Sanjesh,yes,qwe
eight,yes,yes
nine,yesy,yes
ten,yes,yes
first_name,last_name,blr
Varsha,Palat,blr
Pritvi,Nambiar,blr
Prabhu,yes,tn
Madhan,yes,90
Shukla,yes,qwe
Sanjesh,yes,qwe
eight,yes,yes
nine,yesy,yes
ten,yes,yes
first_name,last_name,blr
Varsha,Palat,blr
Pritvi,Nambiar,blr
Prabhu,yes,tn
Madhan,yes,90
Shukla,yes,qwe
Sanjesh,yes,qwe
eight,yes,yes
nine,yesy,yes
ten,yes,yes
first_name,last_name,blr
Varsha,Palat,blr
Pritvi,Nambiar,blr
Prabhu,yes,tn
Madhan,yes,90
Shukla,yes,qwe
Sanjesh,yes,qwe
eight,yes,yes
nine,yesy,yes
ten,yes,yes
first_name,last_name,blr
Varsha,Palat,blr
Pritvi,Nambiar,blr
Prabhu,yes,tn
Madhan,yes,90
Shukla,yes,qwe
Sanjesh,yes,qwe
eight,yes,yes
nine,yesy,yes
ten,yes,yes
first_name,last_name,blr
Varsha,Palat,blr
Pritvi,Nambiar,blr
Prabhu,yes,tn
Madhan,yes,90
Shukla,yes,qwe
Sanjesh,yes,qwe
eight,yes,yes
nine,yesy,yes
ten,yes,yes
first_name,last_name,blr
Varsha,Palat,blr
Pritvi,Nambiar,blr
Prabhu,yes,tn
Madhan,yes,90
Shukla,yes,qwe
Sanjesh,yes,qwe
eight,yes,yes
nine,yesy,yes
ten,yes,yes
